{
  "seeds": [
    {
      "seed": 13,
      "best_val_acc": 0.37109375,
      "test_acc": 0.37890625,
      "test_loss": 1.5263904631137848,
      "macro_f1": 0.18967335766986726,
      "weighted_f1": 0.24630098598309455
    },
    {
      "seed": 42,
      "best_val_acc": 0.31640625,
      "test_acc": 0.34765625,
      "test_loss": 1.539070725440979,
      "macro_f1": 0.1602140719165256,
      "weighted_f1": 0.2107248946679351
    },
    {
      "seed": 3407,
      "best_val_acc": 0.3203125,
      "test_acc": 0.30078125,
      "test_loss": 1.56000617146492,
      "macro_f1": 0.1300929738438715,
      "weighted_f1": 0.17423228678540897
    }
  ],
  "summary": {
    "best_val_acc": {
      "mean": 0.3359375,
      "std": 0.030508787796510367
    },
    "test_acc": {
      "mean": 0.3424479166666667,
      "std": 0.03932205435036849
    },
    "test_loss": {
      "mean": 1.5418224533398945,
      "std": 0.016975952603886447
    },
    "macro_f1": {
      "mean": 0.1599934678100881,
      "std": 0.029790804518207915
    },
    "weighted_f1": {
      "mean": 0.21041938914547953,
      "std": 0.03603532088423537
    }
  }
}