{
  "baseline": {
    "acc": 0.4506787330316742,
    "macro_f1": 0.3913558169300752,
    "weighted_f1": 0.4246241696173374,
    "recall": {
      "very negative": 0.12186379928315412,
      "negative": 0.6777251184834123,
      "neutral": 0.20308483290488433,
      "positive": 0.6,
      "very positive": 0.37092731829573933
    }
  },
  "classweighted": {
    "acc": 0.4294117647058823,
    "macro_f1": 0.42004980664472924,
    "weighted_f1": 0.4288192408842303,
    "recall": {
      "very negative": 0.3727598566308244,
      "negative": 0.45339652448657186,
      "neutral": 0.2750642673521851,
      "positive": 0.4666666666666667,
      "very positive": 0.5338345864661654
    }
  },
  "delta": {
    "acc": -0.02126696832579189,
    "macro_f1": 0.028693989714654033,
    "weighted_f1": 0.004195071266892891,
    "recall": {
      "very negative": 0.2508960573476703,
      "negative": -0.22432859399684046,
      "neutral": 0.07197943444730076,
      "positive": -0.1333333333333333,
      "very positive": 0.1629072681704261
    }
  }
}