{
  "train_loss": [
    1.5844582390695923,
    1.5068892249453827,
    1.454796393265885,
    1.3905755553799175,
    1.3322835089115614,
    1.273376207226671,
    1.223110199421086,
    1.1771560853786682,
    1.1314765929282828,
    1.0808547726284699,
    1.0658765937505144,
    1.0412835195269925,
    1.022633744759506,
    1.0157807351051644,
    1.00081530626347,
    1.0013519150487493,
    0.9891651083021128
  ],
  "train_acc": [
    0.27457865168539325,
    0.332748127340824,
    0.3732443820224719,
    0.412687265917603,
    0.4421816479400749,
    0.47284644194756553,
    0.5009363295880149,
    0.521184456928839,
    0.545997191011236,
    0.572565543071161,
    0.5786516853932584,
    0.5951544943820225,
    0.600187265917603,
    0.6086142322097379,
    0.618562734082397,
    0.6186797752808989,
    0.6290964419475655
  ],
  "val_loss": [
    1.528101382203583,
    1.4942363757203645,
    1.4470285528037463,
    1.394320565283461,
    1.356611340398901,
    1.329197200182673,
    1.306655845785011,
    1.2939579295202561,
    1.2837193008989338,
    1.2844612298501177,
    1.2771902349621032,
    1.273503966162575,
    1.273718814000988,
    1.274698679172159,
    1.2723006028462063,
    1.2730747811042862,
    1.2714126286562955
  ],
  "val_acc": [
    0.34514078110808355,
    0.32334241598546776,
    0.3832879200726612,
    0.3923705722070845,
    0.4014532243415077,
    0.4196185286103542,
    0.4268846503178928,
    0.4232515894641235,
    0.42415985467756584,
    0.4214350590372389,
    0.4232515894641235,
    0.43415077202543145,
    0.4287011807447775,
    0.42779291553133514,
    0.42779291553133514,
    0.42779291553133514,
    0.4259763851044505
  ],
  "lr": [
    0.0005,
    0.0005,
    0.0005,
    0.0005,
    0.0005,
    0.0005,
    0.0005,
    0.0005,
    0.0005,
    0.00025,
    0.00025,
    0.000125,
    0.000125,
    0.000125,
    6.25e-05,
    6.25e-05,
    3.125e-05
  ]
}