{
  "best_epoch": 9,
  "best_val_acc": 0.37109375,
  "best_val_loss": 1.5096555650234222,
  "test_loss": 1.5263904631137848,
  "test_acc": 0.37890625,
  "glove_coverage": 0.9967201166180758,
  "glove_found": 8205
}