{
  "very negative": {
    "precision": 0.4424778761061947,
    "recall": 0.17921146953405018,
    "f1-score": 0.25510204081632654,
    "support": 279.0
  },
  "negative": {
    "precision": 0.4840686274509804,
    "recall": 0.6240126382306477,
    "f1-score": 0.5452035886818496,
    "support": 633.0
  },
  "neutral": {
    "precision": 0.3515981735159817,
    "recall": 0.19794344473007713,
    "f1-score": 0.25328947368421056,
    "support": 389.0
  },
  "positive": {
    "precision": 0.4064362336114422,
    "recall": 0.6686274509803921,
    "f1-score": 0.5055596738324685,
    "support": 510.0
  },
  "very positive": {
    "precision": 0.6860986547085202,
    "recall": 0.38345864661654133,
    "f1-score": 0.4919614147909968,
    "support": 399.0
  },
  "accuracy": 0.4597285067873303,
  "macro avg": {
    "precision": 0.4741359130786238,
    "recall": 0.4106507300183416,
    "f1-score": 0.4102232383611704,
    "support": 2210.0
  },
  "weighted avg": {
    "precision": 0.4740607694472176,
    "recall": 0.4597285067873303,
    "f1-score": 0.4384366445442038,
    "support": 2210.0
  }
}