{
  "train_loss": [
    1.5800520520978205,
    1.5094413918055845,
    1.454089962587821,
    1.4023567924785256,
    1.3380140146512665,
    1.2844584372159693,
    1.233938438615549,
    1.1825935688804599,
    1.1413194637620048,
    1.0968933603290314,
    1.0478574153635831,
    1.0051828359396717,
    0.9601918697803654,
    0.9159786147571235,
    0.8719944918200317,
    0.8302071681629852,
    0.8038713539137823,
    0.7850437398706929
  ],
  "train_acc": [
    0.2806647940074906,
    0.3371956928838951,
    0.37523408239700373,
    0.40812265917602997,
    0.44183052434456926,
    0.4648876404494382,
    0.4961376404494382,
    0.5256320224719101,
    0.537687265917603,
    0.5641385767790262,
    0.5904728464419475,
    0.6145833333333334,
    0.6348314606741573,
    0.6658473782771536,
    0.6832865168539326,
    0.7062265917602997,
    0.7200374531835206,
    0.7356039325842697
  ],
  "val_loss": [
    1.529951494569458,
    1.4933031341576988,
    1.4541083366409635,
    1.4099926236106741,
    1.3700722093261664,
    1.3409015553090704,
    1.3240488341025718,
    1.3112541177292285,
    1.296056638729778,
    1.3069331900408656,
    1.2942861068476124,
    1.2883248506731384,
    1.2881006825305894,
    1.305095373988693,
    1.298222095938188,
    1.3106423180066489,
    1.304196554893369,
    1.3057817197950399
  ],
  "val_acc": [
    0.32515894641235243,
    0.34877384196185285,
    0.3642143505903724,
    0.39509536784741145,
    0.3923705722070845,
    0.40599455040871935,
    0.4069028156221617,
    0.4123524069028156,
    0.4196185286103542,
    0.4159854677565849,
    0.4268846503178928,
    0.4268846503178928,
    0.4332425068119891,
    0.4196185286103542,
    0.4087193460490463,
    0.4268846503178928,
    0.40962761126248864,
    0.4196185286103542
  ],
  "lr": [
    0.0005,
    0.0005,
    0.0005,
    0.0005,
    0.0005,
    0.0005,
    0.0005,
    0.0005,
    0.0005,
    0.0005,
    0.0005,
    0.0005,
    0.0005,
    0.0005,
    0.0005,
    0.00025,
    0.00025,
    0.000125
  ]
}