{
  "very negative": {
    "precision": 0.0,
    "recall": 0.0,
    "f1-score": 0.0,
    "support": 279.0
  },
  "negative": {
    "precision": 0.3470031545741325,
    "recall": 0.34755134281200634,
    "f1-score": 0.3472770323599053,
    "support": 633.0
  },
  "neutral": {
    "precision": 0.20833333333333334,
    "recall": 0.5141388174807198,
    "f1-score": 0.2965159377316531,
    "support": 389.0
  },
  "positive": {
    "precision": 0.29563492063492064,
    "recall": 0.29215686274509806,
    "f1-score": 0.2938856015779093,
    "support": 510.0
  },
  "very positive": {
    "precision": 0.36936936936936937,
    "recall": 0.10275689223057644,
    "f1-score": 0.1607843137254902,
    "support": 399.0
  },
  "accuracy": 0.27601809954751133,
  "macro avg": {
    "precision": 0.24406815558235118,
    "recall": 0.2513207830536801,
    "f1-score": 0.21969257707899156,
    "support": 2210.0
  },
  "weighted avg": {
    "precision": 0.2709714259793124,
    "recall": 0.27601809954751133,
    "f1-score": 0.24850934807359162,
    "support": 2210.0
  }
}