{
  "train_loss": [
    1.7877802848815918,
    1.6761836111545563,
    1.6757485419511795,
    1.6204227209091187,
    1.6710009723901749,
    1.5983632653951645,
    1.6108799874782562,
    1.6255409121513367
  ],
  "train_acc": [
    0.25,
    0.255859375,
    0.26171875,
    0.296875,
    0.2578125,
    0.30859375,
    0.29296875,
    0.271484375
  ],
  "val_loss": [
    1.6098519563674927,
    1.6240712404251099,
    1.6055017113685608,
    1.5833370387554169,
    1.572546124458313,
    1.5753512978553772,
    1.5494065284729004,
    1.5462068021297455
  ],
  "val_acc": [
    0.28125,
    0.22265625,
    0.24609375,
    0.296875,
    0.265625,
    0.26953125,
    0.32421875,
    0.27734375
  ],
  "lr": [
    0.001,
    0.001,
    0.001,
    0.001,
    0.001,
    0.001,
    0.001,
    0.001
  ]
}