{
  "train_loss": [
    1.6215465068817139,
    1.5993517637252808,
    1.5698595494031906,
    1.5579668432474136,
    1.5492723733186722,
    1.5722448974847794,
    1.5374194234609604,
    1.5455872416496277
  ],
  "train_acc": [
    0.2265625,
    0.275390625,
    0.298828125,
    0.298828125,
    0.30078125,
    0.3046875,
    0.322265625,
    0.3125
  ],
  "val_loss": [
    1.6092156767845154,
    1.5889932215213776,
    1.565964162349701,
    1.5585205554962158,
    1.5689196586608887,
    1.5499274730682373,
    1.562179297208786,
    1.5447275340557098
  ],
  "val_acc": [
    0.265625,
    0.23046875,
    0.28125,
    0.29296875,
    0.31640625,
    0.30859375,
    0.28125,
    0.30859375
  ],
  "lr": [
    0.0005,
    0.0005,
    0.0005,
    0.0005,
    0.0005,
    0.0005,
    0.0005,
    0.00025
  ]
}