{
  "very negative": {
    "precision": 0.4803921568627451,
    "recall": 0.17562724014336917,
    "f1-score": 0.25721784776902884,
    "support": 279.0
  },
  "negative": {
    "precision": 0.48086124401913877,
    "recall": 0.6350710900473934,
    "f1-score": 0.5473110959836623,
    "support": 633.0
  },
  "neutral": {
    "precision": 0.3347107438016529,
    "recall": 0.20822622107969152,
    "f1-score": 0.25673534072900156,
    "support": 389.0
  },
  "positive": {
    "precision": 0.4,
    "recall": 0.6431372549019608,
    "f1-score": 0.4932330827067669,
    "support": 510.0
  },
  "very positive": {
    "precision": 0.680952380952381,
    "recall": 0.3583959899749373,
    "f1-score": 0.4696223316912972,
    "support": 399.0
  },
  "accuracy": 0.45384615384615384,
  "macro avg": {
    "precision": 0.4753833051271835,
    "recall": 0.4040915592294705,
    "f1-score": 0.4048239397759514,
    "support": 2210.0
  },
  "weighted avg": {
    "precision": 0.4725416554604813,
    "recall": 0.45384615384615384,
    "f1-score": 0.43303616893849667,
    "support": 2210.0
  }
}