{
  "train_loss": [
    1.588775813356321,
    1.5084574432408766,
    1.4560423562589209,
    1.3944095422266127,
    1.3327633495187938,
    1.2851231223188535,
    1.2265221344844233,
    1.1736205262637764,
    1.1294689857111442,
    1.0899164029274986,
    1.0475036084428708,
    1.0173400062300293,
    0.9939263440696487,
    0.9749613676624798,
    0.9635302618648229,
    0.9457572669572152
  ],
  "train_acc": [
    0.27165262172284643,
    0.3393024344569288,
    0.37874531835205993,
    0.40999531835205993,
    0.44838483146067415,
    0.4658239700374532,
    0.49180711610486894,
    0.5173220973782772,
    0.5393258426966292,
    0.5627340823970037,
    0.588249063670412,
    0.6087312734082397,
    0.6207865168539326,
    0.6330758426966292,
    0.6420880149812734,
    0.6484082397003745
  ],
  "val_loss": [
    1.5344511555282774,
    1.49494617630632,
    1.4472399916462635,
    1.3976006850018272,
    1.3673158203007199,
    1.3296605721048396,
    1.3034691572405879,
    1.2948672356765776,
    1.2944226689386324,
    1.2797230701896951,
    1.2727050513814082,
    1.2778353220110694,
    1.2765536221669653,
    1.2727149488923768,
    1.271624877927089,
    1.2719674161301213
  ],
  "val_acc": [
    0.3215258855585831,
    0.3533151680290645,
    0.3678474114441417,
    0.3923705722070845,
    0.3932788374205268,
    0.4178019981834696,
    0.4214350590372389,
    0.4296094459582198,
    0.42052679382379654,
    0.4287011807447775,
    0.4396003633060854,
    0.43142597638510444,
    0.4332425068119891,
    0.4305177111716621,
    0.4368755676657584,
    0.4323342415985468
  ],
  "lr": [
    0.0005,
    0.0005,
    0.0005,
    0.0005,
    0.0005,
    0.0005,
    0.0005,
    0.0005,
    0.0005,
    0.0005,
    0.00025,
    0.00025,
    0.00025,
    0.000125,
    0.000125,
    6.25e-05
  ]
}