{
  "best_epoch": 11,
  "best_val_acc": 0.4396003633060854,
  "best_val_loss": 1.271624877927089,
  "test_loss": 1.263821007763099,
  "test_acc": 0.45384615384615384,
  "test_eval_mode": "full",
  "test_num_batches": 9,
  "test_num_samples": 2210,
  "glove_coverage": 0.9967201166180758,
  "glove_found": 8205,
  "use_class_weights": false
}