{
  "train_loss": [
    1.656788353169902,
    1.4750169426314392,
    1.364570998966917,
    1.2491249189841167,
    1.1358055220114605,
    1.0064649876583829,
    0.8631709122032708,
    0.7576381767287237,
    0.6221640239494124,
    0.5464314706763078,
    0.48550109124362245,
    0.39977898657991645,
    0.3549797896588786,
    0.3020350609379315,
    0.27147997904582866
  ],
  "train_acc": [
    0.2654494382022472,
    0.3561563670411985,
    0.4272003745318352,
    0.48993445692883897,
    0.5518492509363296,
    0.613061797752809,
    0.6807116104868914,
    0.7217930711610487,
    0.7837078651685393,
    0.8114466292134831,
    0.8340355805243446,
    0.8702013108614233,
    0.8865870786516854,
    0.9033239700374532,
    0.9171348314606742
  ],
  "val_loss": [
    1.5180936389138329,
    1.5031445480064303,
    1.4753547082913128,
    1.4777961953134562,
    1.458395442672473,
    1.4843801989758914,
    1.520432895795526,
    1.5269657643029735,
    1.5677460589049406,
    1.6165203714673895,
    1.6716840944974451,
    1.7248610765905839,
    1.787653998393129,
    1.810050138227513,
    1.9259177555721745
  ],
  "val_acc": [
    0.33787465940054495,
    0.3478655767484105,
    0.34150772025431425,
    0.37693006357856496,
    0.37420526793823794,
    0.35513169845594916,
    0.36966394187102636,
    0.35240690281562215,
    0.3678474114441417,
    0.35876475930971846,
    0.3578564940962761,
    0.3578564940962761,
    0.3533151680290645,
    0.36966394187102636,
    0.36693914623069934
  ]
}