{
  "best_val_acc": 0.37693006357856496,
  "test_loss": 1.485284377331108,
  "test_acc": 0.351131221719457
}