{
  "very negative": {
    "precision": 0.36619718309859156,
    "recall": 0.3727598566308244,
    "f1-score": 0.369449378330373,
    "support": 279.0
  },
  "negative": {
    "precision": 0.4791318864774624,
    "recall": 0.45339652448657186,
    "f1-score": 0.46590909090909094,
    "support": 633.0
  },
  "neutral": {
    "precision": 0.30659025787965616,
    "recall": 0.2750642673521851,
    "f1-score": 0.28997289972899726,
    "support": 389.0
  },
  "positive": {
    "precision": 0.40134907251264756,
    "recall": 0.4666666666666667,
    "f1-score": 0.4315503173164098,
    "support": 510.0
  },
  "very positive": {
    "precision": 0.5532467532467532,
    "recall": 0.5338345864661654,
    "f1-score": 0.5433673469387754,
    "support": 399.0
  },
  "accuracy": 0.4294117647058823,
  "macro avg": {
    "precision": 0.4213030306430222,
    "recall": 0.4203443803204827,
    "f1-score": 0.42004980664472924,
    "support": 2210.0
  },
  "weighted avg": {
    "precision": 0.4299351086275257,
    "recall": 0.4294117647058823,
    "f1-score": 0.4288192408842303,
    "support": 2210.0
  }
}