{
  "train_loss": [
    1.6191983486382702,
    1.5364915552210718,
    1.4749798587199008,
    1.4005083667205067,
    1.3384147270788413,
    1.2766412398341889,
    1.2248652628745034,
    1.1789833226900421,
    1.151962394571483,
    1.1221153365538807,
    1.1086465999874728,
    1.0858687394567197,
    1.0662296032637693,
    1.0594761184092318,
    1.0434777410735798,
    1.0387547377789959,
    1.0195907425791138,
    1.0075872435551905,
    1.0042694557025638,
    1.0023127361183308,
    0.9947213235865818
  ],
  "train_acc": [
    0.22027153558052434,
    0.2936563670411985,
    0.3398876404494382,
    0.38167134831460675,
    0.4088249063670412,
    0.4431179775280899,
    0.469686329588015,
    0.49765917602996257,
    0.5154494382022472,
    0.528558052434457,
    0.5279728464419475,
    0.556062734082397,
    0.56062734082397,
    0.5613295880149812,
    0.5723314606741573,
    0.5787687265917603,
    0.5908239700374532,
    0.5942181647940075,
    0.5904728464419475,
    0.5959737827715356,
    0.6061563670411985
  ],
  "val_loss": [
    1.5601417478055546,
    1.5105664470215259,
    1.4582234731487098,
    1.3963513354839356,
    1.3571892429978927,
    1.3263952617316113,
    1.299669374020721,
    1.2951739205759727,
    1.2877908864961116,
    1.2849341700230805,
    1.2759549697889836,
    1.2719002281071163,
    1.2717395722054006,
    1.2715316731533497,
    1.269050895247429,
    1.269950189447533,
    1.2660891493269792,
    1.2625643262854498,
    1.2633713301910692,
    1.263191044601281,
    1.2625166745103564
  ],
  "val_acc": [
    0.2815622161671208,
    0.3505903723887375,
    0.335149863760218,
    0.3569482288828338,
    0.3923705722070845,
    0.36693914623069934,
    0.3796548592188919,
    0.4014532243415077,
    0.4114441416893733,
    0.4032697547683924,
    0.410535876475931,
    0.40236148955495005,
    0.41326067211625794,
    0.4223433242506812,
    0.4268846503178928,
    0.4305177111716621,
    0.4114441416893733,
    0.4214350590372389,
    0.41326067211625794,
    0.42779291553133514,
    0.4250681198910082
  ],
  "lr": [
    0.0005,
    0.0005,
    0.0005,
    0.0005,
    0.0005,
    0.0005,
    0.0005,
    0.00025,
    0.00025,
    0.00025,
    0.00025,
    0.000125,
    0.000125,
    0.000125,
    0.000125,
    0.000125,
    0.000125,
    0.000125,
    6.25e-05,
    6.25e-05,
    3.125e-05
  ]
}