{
  "best_epoch": 16,
  "best_val_acc": 0.4305177111716621,
  "best_val_loss": 1.2625166745103564,
  "test_loss": 1.269779756166277,
  "test_acc": 0.4294117647058823,
  "test_eval_mode": "full",
  "test_num_batches": 9,
  "test_num_samples": 2210,
  "glove_coverage": 0.9967201166180758,
  "glove_found": 8205,
  "use_class_weights": true
}