{
  "train_loss": [
    1.6452249586582184,
    1.6040319353342056,
    1.60273776948452,
    1.6013946235179901,
    1.554427146911621,
    1.54918272793293,
    1.537628397345543,
    1.5450938194990158
  ],
  "train_acc": [
    0.2265625,
    0.25,
    0.25390625,
    0.234375,
    0.31640625,
    0.3125,
    0.2890625,
    0.314453125
  ],
  "val_loss": [
    1.5729322135448456,
    1.5525855422019958,
    1.583773285150528,
    1.548797369003296,
    1.5434569418430328,
    1.5380978286266327,
    1.535979151725769,
    1.5326072573661804
  ],
  "val_acc": [
    0.29296875,
    0.3046875,
    0.21875,
    0.296875,
    0.3203125,
    0.31640625,
    0.3203125,
    0.3203125
  ],
  "lr": [
    0.0005,
    0.0005,
    0.0005,
    0.0005,
    0.00025,
    0.00025,
    0.00025,
    0.000125
  ]
}