{
  "best_epoch": 5,
  "best_val_acc": 0.3203125,
  "best_val_loss": 1.5326072573661804,
  "test_loss": 1.56000617146492,
  "test_acc": 0.30078125,
  "glove_coverage": 0.9967201166180758,
  "glove_found": 8205
}