{
  "train_loss": [
    1.6195817440748215,
    1.5899481773376465,
    1.6087261587381363,
    1.5931616723537445,
    1.5531236678361893,
    1.5619301050901413,
    1.5578383952379227,
    1.5418728590011597,
    1.5337451547384262,
    1.4898219257593155,
    1.5296912640333176,
    1.5273665487766266
  ],
  "train_acc": [
    0.244140625,
    0.275390625,
    0.236328125,
    0.2421875,
    0.296875,
    0.29296875,
    0.283203125,
    0.310546875,
    0.28515625,
    0.33984375,
    0.314453125,
    0.3359375
  ],
  "val_loss": [
    1.6340171098709106,
    1.5696839094161987,
    1.5809522867202759,
    1.5585110783576965,
    1.5593389570713043,
    1.550580233335495,
    1.5456258654594421,
    1.529532104730606,
    1.5271659195423126,
    1.5407537519931793,
    1.5184613168239594,
    1.5096555650234222
  ],
  "val_acc": [
    0.21484375,
    0.2890625,
    0.23046875,
    0.30859375,
    0.32421875,
    0.3359375,
    0.25,
    0.35546875,
    0.37109375,
    0.34765625,
    0.35546875,
    0.35546875
  ],
  "lr": [
    0.0005,
    0.0005,
    0.0005,
    0.0005,
    0.0005,
    0.0005,
    0.0005,
    0.0005,
    0.0005,
    0.0005,
    0.0005,
    0.00025
  ]
}