{
  "train_loss": [
    1.6285573989152908,
    1.5849635303020477,
    1.544557362794876,
    1.5507722795009613,
    1.5209786146879196,
    1.5492023080587387,
    1.5193559676408768,
    1.5171936601400375
  ],
  "train_acc": [
    0.25390625,
    0.302734375,
    0.302734375,
    0.31640625,
    0.3203125,
    0.314453125,
    0.349609375,
    0.33203125
  ],
  "val_loss": [
    1.6066637337207794,
    1.5681692361831665,
    1.5571561455726624,
    1.5458866953849792,
    1.540405660867691,
    1.5380621552467346,
    1.5427184998989105,
    1.502417415380478
  ],
  "val_acc": [
    0.2109375,
    0.2890625,
    0.3203125,
    0.296875,
    0.3515625,
    0.31640625,
    0.2734375,
    0.34765625
  ],
  "lr": [
    0.001,
    0.001,
    0.001,
    0.001,
    0.001,
    0.001,
    0.001,
    0.0005
  ]
}