{
  "train_loss": [
    1.9697267055511474,
    1.846321129798889,
    1.7569838285446167,
    1.814270830154419,
    1.7119026184082031,
    1.7952877283096313,
    1.65809109210968,
    1.713243556022644,
    1.7461929321289062,
    1.6366812944412232
  ],
  "train_acc": [
    0.15,
    0.225,
    0.2,
    0.125,
    0.175,
    0.175,
    0.225,
    0.2,
    0.15,
    0.275
  ],
  "val_loss": [
    1.9405324459075928,
    1.8849788308143616,
    1.8372740745544434,
    1.795034945011139,
    1.7628950476646423,
    1.7375245094299316,
    1.7111090421676636,
    1.6875391602516174,
    1.6632078886032104,
    1.6421757936477661
  ],
  "val_acc": [
    0.0,
    0.0,
    0.0,
    0.0,
    0.0625,
    0.0625,
    0.0625,
    0.0625,
    0.1875,
    0.25
  ]
}