{
  "train_loss": [
    1.8533414602279663,
    1.7132092863321304,
    1.7600934505462646,
    1.704287901520729
  ],
  "train_acc": [
    0.21484375,
    0.240234375,
    0.22265625,
    0.263671875
  ],
  "val_loss": [
    1.5960421562194824,
    1.581072747707367,
    1.6081964075565338,
    1.6039754748344421
  ],
  "val_acc": [
    0.2890625,
    0.2890625,
    0.23046875,
    0.234375
  ],
  "lr": [
    0.0005,
    0.0005,
    0.0005,
    0.00025
  ]
}