{
  "train_loss": [
    1.7816888093948364
  ],
  "train_acc": [
    0.25
  ],
  "val_loss": [
    1.9729845523834229
  ],
  "val_acc": [
    0.0
  ]
}